Verbal,Quantitative,Composite,GMAT Percentile
130,130,260,0.0
131,130,261,0.0
132,130,262,0.0
133,130,263,0.0
134,130,264,0.0
135,130,265,0.0
136,130,266,0.0
137,130,267,0.0
138,130,268,0.0
139,130,269,0.0
140,130,270,0.0
141,130,271,0.0
142,130,272,0.0
143,130,273,0.0
144,130,274,1.0
145,130,275,1.0
146,130,276,1.0
147,130,277,1.0
148,130,278,1.0
149,130,279,1.0
150,130,280,2.0
151,130,281,2.0
152,130,282,2.0
153,130,283,2.0
154,130,284,2.0
155,130,285,2.0
156,130,286,3.0
157,130,287,3.0
158,130,288,3.0
159,130,289,3.0
160,130,290,4.0
161,130,291,4.0
162,130,292,4.0
163,130,293,5.0
164,130,294,5.0
165,130,295,5.0
166,130,296,6.0
167,130,297,7.0
168,130,298,7.0
169,130,299,8.0
170,130,300,8.0
130,131,261,0.0
131,131,262,0.0
132,131,263,0.0
133,131,264,0.0
134,131,265,0.0
135,131,266,0.0
136,131,267,0.0
137,131,268,0.0
138,131,269,0.0
139,131,270,0.0
140,131,271,0.0
141,131,272,0.0
142,131,273,1.0
143,131,274,1.0
144,131,275,1.0
145,131,276,1.0
146,131,277,1.0
147,131,278,1.0
148,131,279,1.0
149,131,280,2.0
150,131,281,2.0
151,131,282,2.0
152,131,283,2.0
153,131,284,2.0
154,131,285,2.0
155,131,286,3.0
156,131,287,3.0
157,131,288,3.0
158,131,289,4.0
159,131,290,4.0
160,131,291,4.0
161,131,292,5.0
162,131,293,5.0
163,131,294,5.0
164,131,295,6.0
165,131,296,6.0
166,131,297,7.0
167,131,298,8.0
168,131,299,8.0
169,131,300,8.0
170,131,301,9.0
130,132,262,0.0
131,132,263,0.0
132,132,264,0.0
133,132,265,0.0
134,132,266,0.0
135,132,267,0.0
136,132,268,0.0
137,132,269,0.0
138,132,270,0.0
139,132,271,0.0
140,132,272,0.0
141,132,273,1.0
142,132,274,1.0
143,132,275,1.0
144,132,276,1.0
145,132,277,1.0
146,132,278,1.0
147,132,279,2.0
148,132,280,2.0
149,132,281,2.0
150,132,282,2.0
151,132,283,2.0
152,132,284,2.0
153,132,285,3.0
154,132,286,3.0
155,132,287,3.0
156,132,288,4.0
157,132,289,4.0
158,132,290,4.0
159,132,291,5.0
160,132,292,5.0
161,132,293,5.0
162,132,294,5.0
163,132,295,6.0
164,132,296,7.0
165,132,297,7.0
166,132,298,8.0
167,132,299,8.0
168,132,300,8.0
169,132,301,9.0
170,132,302,10.0
130,133,263,0.0
131,133,264,0.0
132,133,265,0.0
133,133,266,0.0
134,133,267,0.0
135,133,268,0.0
136,133,269,0.0
137,133,270,0.0
138,133,271,0.0
139,133,272,1.0
140,133,273,1.0
141,133,274,1.0
142,133,275,1.0
143,133,276,1.0
144,133,277,1.0
145,133,278,2.0
146,133,279,2.0
147,133,280,2.0
148,133,281,2.0
149,133,282,2.0
150,133,283,2.0
151,133,284,3.0
152,133,285,3.0
153,133,286,3.0
154,133,287,3.0
155,133,288,4.0
156,133,289,4.0
157,133,290,4.0
158,133,291,5.0
159,133,292,5.0
160,133,293,5.0
161,133,294,6.0
162,133,295,7.0
163,133,296,7.0
164,133,297,8.0
165,133,298,8.0
166,133,299,8.0
167,133,300,9.0
168,133,301,9.0
169,133,302,10.0
170,133,303,12.0
130,134,264,0.0
131,134,265,0.0
132,134,266,0.0
133,134,267,0.0
134,134,268,0.0
135,134,269,0.0
136,134,270,0.0
137,134,271,1.0
138,134,272,1.0
139,134,273,1.0
140,134,274,1.0
141,134,275,1.0
142,134,276,1.0
143,134,277,1.0
144,134,278,2.0
145,134,279,2.0
146,134,280,2.0
147,134,281,2.0
148,134,282,2.0
149,134,283,2.0
150,134,284,3.0
151,134,285,3.0
152,134,286,3.0
153,134,287,4.0
154,134,288,4.0
155,134,289,4.0
156,134,290,5.0
157,134,291,5.0
158,134,292,5.0
159,134,293,6.0
160,134,294,6.0
161,134,295,7.0
162,134,296,8.0
163,134,297,8.0
164,134,298,8.0
165,134,299,9.0
166,134,300,9.0
167,134,301,10.0
168,134,302,10.0
169,134,303,12.0
170,134,304,13.0
130,135,265,0.0
131,135,266,0.0
132,135,267,0.0
133,135,268,0.0
134,135,269,0.0
135,135,270,0.0
136,135,271,1.0
137,135,272,1.0
138,135,273,1.0
139,135,274,1.0
140,135,275,1.0
141,135,276,1.0
142,135,277,2.0
143,135,278,2.0
144,135,279,2.0
145,135,280,2.0
146,135,281,2.0
147,135,282,2.0
148,135,283,3.0
149,135,284,3.0
150,135,285,3.0
151,135,286,4.0
152,135,287,4.0
153,135,288,4.0
154,135,289,5.0
155,135,290,5.0
156,135,291,5.0
157,135,292,5.0
158,135,293,6.0
159,135,294,7.0
160,135,295,7.0
161,135,296,8.0
162,135,297,8.0
163,135,298,8.0
164,135,299,9.0
165,135,300,10.0
166,135,301,10.0
167,135,302,12.0
168,135,303,12.0
169,135,304,13.0
170,135,305,14.0
130,136,266,0.0
131,136,267,0.0
132,136,268,0.0
133,136,269,0.0
134,136,270,1.0
135,136,271,1.0
136,136,272,1.0
137,136,273,1.0
138,136,274,1.0
139,136,275,1.0
140,136,276,2.0
141,136,277,2.0
142,136,278,2.0
143,136,279,2.0
144,136,280,2.0
145,136,281,2.0
146,136,282,3.0
147,136,283,3.0
148,136,284,3.0
149,136,285,3.0
150,136,286,4.0
151,136,287,4.0
152,136,288,4.0
153,136,289,5.0
154,136,290,5.0
155,136,291,5.0
156,136,292,6.0
157,136,293,7.0
158,136,294,7.0
159,136,295,8.0
160,136,296,8.0
161,136,297,8.0
162,136,298,9.0
163,136,299,9.0
164,136,300,10.0
165,136,301,12.0
166,136,302,12.0
167,136,303,13.0
168,136,304,14.0
169,136,305,14.0
170,136,306,15.0
130,137,267,0.0
131,137,268,0.0
132,137,269,1.0
133,137,270,1.0
134,137,271,1.0
135,137,272,1.0
136,137,273,1.0
137,137,274,1.0
138,137,275,1.0
139,137,276,2.0
140,137,277,2.0
141,137,278,2.0
142,137,279,2.0
143,137,280,2.0
144,137,281,2.0
145,137,282,3.0
146,137,283,3.0
147,137,284,3.0
148,137,285,4.0
149,137,286,4.0
150,137,287,4.0
151,137,288,5.0
152,137,289,5.0
153,137,290,5.0
154,137,291,6.0
155,137,292,6.0
156,137,293,7.0
157,137,294,8.0
158,137,295,8.0
159,137,296,8.0
160,137,297,8.0
161,137,298,9.0
162,137,299,10.0
163,137,300,10.0
164,137,301,12.0
165,137,302,13.0
166,137,303,13.0
167,137,304,14.0
168,137,305,15.0
169,137,306,15.0
170,137,307,17.0
130,138,268,0.0
131,138,269,1.0
132,138,270,1.0
133,138,271,1.0
134,138,272,1.0
135,138,273,1.0
136,138,274,1.0
137,138,275,2.0
138,138,276,2.0
139,138,277,2.0
140,138,278,2.0
141,138,279,2.0
142,138,280,2.0
143,138,281,3.0
144,138,282,3.0
145,138,283,3.0
146,138,284,4.0
147,138,285,4.0
148,138,286,4.0
149,138,287,5.0
150,138,288,5.0
151,138,289,5.0
152,138,290,5.0
153,138,291,6.0
154,138,292,7.0
155,138,293,7.0
156,138,294,8.0
157,138,295,8.0
158,138,296,8.0
159,138,297,9.0
160,138,298,10.0
161,138,299,10.0
162,138,300,12.0
163,138,301,12.0
164,138,302,13.0
165,138,303,14.0
166,138,304,14.0
167,138,305,15.0
168,138,306,17.0
169,138,307,17.0
170,138,308,19.0
130,139,269,1.0
131,139,270,1.0
132,139,271,1.0
133,139,272,1.0
134,139,273,1.0
135,139,274,2.0
136,139,275,2.0
137,139,276,2.0
138,139,277,2.0
139,139,278,2.0
140,139,279,2.0
141,139,280,3.0
142,139,281,3.0
143,139,282,3.0
144,139,283,3.0
145,139,284,4.0
146,139,285,4.0
147,139,286,4.0
148,139,287,5.0
149,139,288,5.0
150,139,289,5.0
151,139,290,6.0
152,139,291,7.0
153,139,292,7.0
154,139,293,8.0
155,139,294,8.0
156,139,295,8.0
157,139,296,9.0
158,139,297,9.0
159,139,298,10.0
160,139,299,12.0
161,139,300,12.0
162,139,301,13.0
163,139,302,14.0
164,139,303,14.0
165,139,304,15.0
166,139,305,15.0
167,139,306,17.0
168,139,307,19.0
169,139,308,19.0
170,139,309,21.0
130,140,270,1.0
131,140,271,1.0
132,140,272,1.0
133,140,273,1.0
134,140,274,2.0
135,140,275,2.0
136,140,276,2.0
137,140,277,2.0
138,140,278,2.0
139,140,279,2.0
140,140,280,3.0
141,140,281,3.0
142,140,282,3.0
143,140,283,4.0
144,140,284,4.0
145,140,285,4.0
146,140,286,5.0
147,140,287,5.0
148,140,288,5.0
149,140,289,6.0
150,140,290,6.0
151,140,291,7.0
152,140,292,8.0
153,140,293,8.0
154,140,294,8.0
155,140,295,8.0
156,140,296,9.0
157,140,297,10.0
158,140,298,10.0
159,140,299,12.0
160,140,300,13.0
161,140,301,13.0
162,140,302,14.0
163,140,303,15.0
164,140,304,15.0
165,140,305,17.0
166,140,306,19.0
167,140,307,19.0
168,140,308,21.0
169,140,309,21.0
170,140,310,23.0
130,141,271,1.0
131,141,272,1.0
132,141,273,2.0
133,141,274,2.0
134,141,275,2.0
135,141,276,2.0
136,141,277,2.0
137,141,278,2.0
138,141,279,3.0
139,141,280,3.0
140,141,281,3.0
141,141,282,4.0
142,141,283,4.0
143,141,284,4.0
144,141,285,5.0
145,141,286,5.0
146,141,287,5.0
147,141,288,5.0
148,141,289,6.0
149,141,290,7.0
150,141,291,7.0
151,141,292,8.0
152,141,293,8.0
153,141,294,8.0
154,141,295,9.0
155,141,296,10.0
156,141,297,10.0
157,141,298,12.0
158,141,299,12.0
159,141,300,13.0
160,141,301,14.0
161,141,302,14.0
162,141,303,15.0
163,141,304,17.0
164,141,305,17.0
165,141,306,19.0
166,141,307,21.0
167,141,308,21.0
168,141,309,23.0
169,141,310,23.0
170,141,311,25.0
130,142,272,2.0
131,142,273,2.0
132,142,274,2.0
133,142,275,2.0
134,142,276,2.0
135,142,277,2.0
136,142,278,2.0
137,142,279,3.0
138,142,280,3.0
139,142,281,3.0
140,142,282,4.0
141,142,283,4.0
142,142,284,4.0
143,142,285,5.0
144,142,286,5.0
145,142,287,5.0
146,142,288,6.0
147,142,289,7.0
148,142,290,7.0
149,142,291,8.0
150,142,292,8.0
151,142,293,8.0
152,142,294,9.0
153,142,295,9.0
154,142,296,10.0
155,142,297,12.0
156,142,298,12.0
157,142,299,13.0
158,142,300,14.0
159,142,301,14.0
160,142,302,15.0
161,142,303,15.0
162,142,304,17.0
163,142,305,19.0
164,142,306,19.0
165,142,307,21.0
166,142,308,23.0
167,142,309,23.0
168,142,310,25.0
169,142,311,27.0
170,142,312,27.0
130,143,273,2.0
131,143,274,2.0
132,143,275,2.0
133,143,276,2.0
134,143,277,2.0
135,143,278,3.0
136,143,279,3.0
137,143,280,3.0
138,143,281,4.0
139,143,282,4.0
140,143,283,4.0
141,143,284,5.0
142,143,285,5.0
143,143,286,5.0
144,143,287,6.0
145,143,288,6.0
146,143,289,7.0
147,143,290,8.0
148,143,291,8.0
149,143,292,8.0
150,143,293,8.0
151,143,294,9.0
152,143,295,10.0
153,143,296,10.0
154,143,297,12.0
155,143,298,13.0
156,143,299,13.0
157,143,300,14.0
158,143,301,15.0
159,143,302,15.0
160,143,303,17.0
161,143,304,19.0
162,143,305,19.0
163,143,306,21.0
164,143,307,21.0
165,143,308,23.0
166,143,309,25.0
167,143,310,25.0
168,143,311,27.0
169,143,312,30.0
170,143,313,30.0
130,144,274,2.0
131,144,275,2.0
132,144,276,2.0
133,144,277,3.0
134,144,278,3.0
135,144,279,3.0
136,144,280,4.0
137,144,281,4.0
138,144,282,4.0
139,144,283,5.0
140,144,284,5.0
141,144,285,5.0
142,144,286,5.0
143,144,287,6.0
144,144,288,7.0
145,144,289,7.0
146,144,290,8.0
147,144,291,8.0
148,144,292,8.0
149,144,293,9.0
150,144,294,10.0
151,144,295,10.0
152,144,296,12.0
153,144,297,12.0
154,144,298,13.0
155,144,299,14.0
156,144,300,14.0
157,144,301,15.0
158,144,302,17.0
159,144,303,17.0
160,144,304,19.0
161,144,305,21.0
162,144,306,21.0
163,144,307,23.0
164,144,308,23.0
165,144,309,25.0
166,144,310,27.0
167,144,311,27.0
168,144,312,30.0
169,144,313,31.0
170,144,314,31.0
130,145,275,2.0
131,145,276,2.0
132,145,277,3.0
133,145,278,3.0
134,145,279,3.0
135,145,280,4.0
136,145,281,4.0
137,145,282,4.0
138,145,283,5.0
139,145,284,5.0
140,145,285,5.0
141,145,286,6.0
142,145,287,7.0
143,145,288,7.0
144,145,289,8.0
145,145,290,8.0
146,145,291,8.0
147,145,292,9.0
148,145,293,9.0
149,145,294,10.0
150,145,295,12.0
151,145,296,12.0
152,145,297,13.0
153,145,298,14.0
154,145,299,14.0
155,145,300,15.0
156,145,301,15.0
157,145,302,17.0
158,145,303,19.0
159,145,304,19.0
160,145,305,21.0
161,145,306,23.0
162,145,307,23.0
163,145,308,25.0
164,145,309,27.0
165,145,310,27.0
166,145,311,30.0
167,145,312,30.0
168,145,313,31.0
169,145,314,35.0
170,145,315,35.0
130,146,276,3.0
131,146,277,3.0
132,146,278,3.0
133,146,279,4.0
134,146,280,4.0
135,146,281,4.0
136,146,282,5.0
137,146,283,5.0
138,146,284,5.0
139,146,285,6.0
140,146,286,6.0
141,146,287,7.0
142,146,288,8.0
143,146,289,8.0
144,146,290,8.0
145,146,291,8.0
146,146,292,9.0
147,146,293,10.0
148,146,294,10.0
149,146,295,12.0
150,146,296,13.0
151,146,297,13.0
152,146,298,14.0
153,146,299,15.0
154,146,300,15.0
155,146,301,17.0
156,146,302,19.0
157,146,303,19.0
158,146,304,21.0
159,146,305,21.0
160,146,306,23.0
161,146,307,25.0
162,146,308,25.0
163,146,309,27.0
164,146,310,30.0
165,146,311,30.0
166,146,312,31.0
167,146,313,35.0
168,146,314,35.0
169,146,315,38.0
170,146,316,38.0
130,147,277,3.0
131,147,278,4.0
132,147,279,4.0
133,147,280,4.0
134,147,281,5.0
135,147,282,5.0
136,147,283,5.0
137,147,284,5.0
138,147,285,6.0
139,147,286,7.0
140,147,287,7.0
141,147,288,8.0
142,147,289,8.0
143,147,290,8.0
144,147,291,9.0
145,147,292,10.0
146,147,293,10.0
147,147,294,12.0
148,147,295,12.0
149,147,296,13.0
150,147,297,14.0
151,147,298,14.0
152,147,299,15.0
153,147,300,17.0
154,147,301,17.0
155,147,302,19.0
156,147,303,21.0
157,147,304,21.0
158,147,305,23.0
159,147,306,23.0
160,147,307,25.0
161,147,308,27.0
162,147,309,27.0
163,147,310,30.0
164,147,311,31.0
165,147,312,31.0
166,147,313,35.0
167,147,314,38.0
168,147,315,38.0
169,147,316,41.0
170,147,317,41.0
130,148,278,4.0
131,148,279,4.0
132,148,280,4.0
133,148,281,5.0
134,148,282,5.0
135,148,283,5.0
136,148,284,6.0
137,148,285,7.0
138,148,286,7.0
139,148,287,8.0
140,148,288,8.0
141,148,289,8.0
142,148,290,9.0
143,148,291,9.0
144,148,292,10.0
145,148,293,12.0
146,148,294,12.0
147,148,295,13.0
148,148,296,14.0
149,148,297,14.0
150,148,298,15.0
151,148,299,15.0
152,148,300,17.0
153,148,301,19.0
154,148,302,19.0
155,148,303,21.0
156,148,304,23.0
157,148,305,23.0
158,148,306,25.0
159,148,307,27.0
160,148,308,27.0
161,148,309,30.0
162,148,310,30.0
163,148,311,31.0
164,148,312,35.0
165,148,313,35.0
166,148,314,38.0
167,148,315,41.0
168,148,316,41.0
169,148,317,44.0
170,148,318,47.0
130,149,279,4.0
131,149,280,5.0
132,149,281,5.0
133,149,282,5.0
134,149,283,6.0
135,149,284,6.0
136,149,285,7.0
137,149,286,8.0
138,149,287,8.0
139,149,288,8.0
140,149,289,8.0
141,149,290,9.0
142,149,291,10.0
143,149,292,10.0
144,149,293,12.0
145,149,294,13.0
146,149,295,13.0
147,149,296,14.0
148,149,297,15.0
149,149,298,15.0
150,149,299,17.0
151,149,300,19.0
152,149,301,19.0
153,149,302,21.0
154,149,303,21.0
155,149,304,23.0
156,149,305,25.0
157,149,306,25.0
158,149,307,27.0
159,149,308,30.0
160,149,309,30.0
161,149,310,31.0
162,149,311,35.0
163,149,312,35.0
164,149,313,38.0
165,149,314,38.0
166,149,315,41.0
167,149,316,44.0
168,149,317,44.0
169,149,318,47.0
170,149,319,51.0
130,150,280,5.0
131,150,281,5.0
132,150,282,5.0
133,150,283,6.0
134,150,284,7.0
135,150,285,7.0
136,150,286,8.0
137,150,287,8.0
138,150,288,8.0
139,150,289,9.0
140,150,290,10.0
141,150,291,10.0
142,150,292,12.0
143,150,293,12.0
144,150,294,13.0
145,150,295,14.0
146,150,296,14.0
147,150,297,15.0
148,150,298,17.0
149,150,299,17.0
150,150,300,19.0
151,150,301,21.0
152,150,302,21.0
153,150,303,23.0
154,150,304,23.0
155,150,305,25.0
156,150,306,27.0
157,150,307,27.0
158,150,308,30.0
159,150,309,31.0
160,150,310,31.0
161,150,311,35.0
162,150,312,38.0
163,150,313,38.0
164,150,314,41.0
165,150,315,41.0
166,150,316,44.0
167,150,317,47.0
168,150,318,47.0
169,150,319,51.0
170,150,320,54.0
130,151,281,5.0
131,151,282,6.0
132,151,283,7.0
133,151,284,7.0
134,151,285,8.0
135,151,286,8.0
136,151,287,8.0
137,151,288,9.0
138,151,289,9.0
139,151,290,10.0
140,151,291,12.0
141,151,292,12.0
142,151,293,13.0
143,151,294,14.0
144,151,295,14.0
145,151,296,15.0
146,151,297,15.0
147,151,298,17.0
148,151,299,19.0
149,151,300,19.0
150,151,301,21.0
151,151,302,23.0
152,151,303,23.0
153,151,304,25.0
154,151,305,27.0
155,151,306,27.0
156,151,307,30.0
157,151,308,30.0
158,151,309,31.0
159,151,310,35.0
160,151,311,35.0
161,151,312,38.0
162,151,313,41.0
163,151,314,41.0
164,151,315,44.0
165,151,316,47.0
166,151,317,47.0
167,151,318,51.0
168,151,319,51.0
169,151,320,54.0
170,151,321,58.0
130,152,282,6.0
131,152,283,7.0
132,152,284,8.0
133,152,285,8.0
134,152,286,8.0
135,152,287,8.0
136,152,288,9.0
137,152,289,10.0
138,152,290,10.0
139,152,291,12.0
140,152,292,13.0
141,152,293,13.0
142,152,294,14.0
143,152,295,15.0
144,152,296,15.0
145,152,297,17.0
146,152,298,17.0
147,152,299,19.0
148,152,300,21.0
149,152,301,21.0
150,152,302,23.0
151,152,303,25.0
152,152,304,25.0
153,152,305,27.0
154,152,306,30.0
155,152,307,30.0
156,152,308,31.0
157,152,309,35.0
158,152,310,35.0
159,152,311,38.0
160,152,312,38.0
161,152,313,41.0
162,152,314,44.0
163,152,315,44.0
164,152,316,47.0
165,152,317,51.0
166,152,318,51.0
167,152,319,54.0
168,152,320,58.0
169,152,321,58.0
170,152,322,62.0
130,153,283,7.0
131,153,284,8.0
132,153,285,8.0
133,153,286,8.0
134,153,287,9.0
135,153,288,10.0
136,153,289,10.0
137,153,290,12.0
138,153,291,12.0
139,153,292,13.0
140,153,293,14.0
141,153,294,14.0
142,153,295,15.0
143,153,296,17.0
144,153,297,17.0
145,153,298,19.0
146,153,299,21.0
147,153,300,21.0
148,153,301,23.0
149,153,302,23.0
150,153,303,25.0
151,153,304,27.0
152,153,305,27.0
153,153,306,30.0
154,153,307,31.0
155,153,308,31.0
156,153,309,35.0
157,153,310,38.0
158,153,311,38.0
159,153,312,41.0
160,153,313,41.0
161,153,314,44.0
162,153,315,47.0
163,153,316,47.0
164,153,317,51.0
165,153,318,54.0
166,153,319,54.0
167,153,320,58.0
168,153,321,62.0
169,153,322,62.0
170,153,323,65.0
130,154,284,8.0
131,154,285,8.0
132,154,286,9.0
133,154,287,9.0
134,154,288,10.0
135,154,289,12.0
136,154,290,12.0
137,154,291,13.0
138,154,292,14.0
139,154,293,14.0
140,154,294,15.0
141,154,295,15.0
142,154,296,17.0
143,154,297,19.0
144,154,298,19.0
145,154,299,21.0
146,154,300,23.0
147,154,301,23.0
148,154,302,25.0
149,154,303,27.0
150,154,304,27.0
151,154,305,30.0
152,154,306,30.0
153,154,307,31.0
154,154,308,35.0
155,154,309,35.0
156,154,310,38.0
157,154,311,41.0
158,154,312,41.0
159,154,313,44.0
160,154,314,47.0
161,154,315,47.0
162,154,316,51.0
163,154,317,51.0
164,154,318,54.0
165,154,319,58.0
166,154,320,58.0
167,154,321,62.0
168,154,322,65.0
169,154,323,65.0
170,154,324,67.0
130,155,285,8.0
131,155,286,9.0
132,155,287,10.0
133,155,288,10.0
134,155,289,12.0
135,155,290,13.0
136,155,291,13.0
137,155,292,14.0
138,155,293,15.0
139,155,294,15.0
140,155,295,17.0
141,155,296,17.0
142,155,297,19.0
143,155,298,21.0
144,155,299,21.0
145,155,300,23.0
146,155,301,25.0
147,155,302,25.0
148,155,303,27.0
149,155,304,30.0
150,155,305,30.0
151,155,306,31.0
152,155,307,35.0
153,155,308,35.0
154,155,309,38.0
155,155,310,38.0
156,155,311,41.0
157,155,312,44.0
158,155,313,44.0
159,155,314,47.0
160,155,315,51.0
161,155,316,51.0
162,155,317,54.0
163,155,318,58.0
164,155,319,58.0
165,155,320,62.0
166,155,321,62.0
167,155,322,65.0
168,155,323,67.0
169,155,324,67.0
170,155,325,73.0
130,156,286,10.0
131,156,287,10.0
132,156,288,12.0
133,156,289,12.0
134,156,290,13.0
135,156,291,14.0
136,156,292,14.0
137,156,293,15.0
138,156,294,17.0
139,156,295,17.0
140,156,296,19.0
141,156,297,21.0
142,156,298,21.0
143,156,299,23.0
144,156,300,23.0
145,156,301,25.0
146,156,302,27.0
147,156,303,27.0
148,156,304,30.0
149,156,305,31.0
150,156,306,31.0
151,156,307,35.0
152,156,308,38.0
153,156,309,38.0
154,156,310,41.0
155,156,311,41.0
156,156,312,44.0
157,156,313,47.0
158,156,314,47.0
159,156,315,51.0
160,156,316,54.0
161,156,317,54.0
162,156,318,58.0
163,156,319,62.0
164,156,320,62.0
165,156,321,65.0
166,156,322,67.0
167,156,323,67.0
168,156,324,73.0
169,156,325,73.0
170,156,326,77.0
130,157,287,12.0
131,157,288,12.0
132,157,289,13.0
133,157,290,14.0
134,157,291,14.0
135,157,292,15.0
136,157,293,15.0
137,157,294,17.0
138,157,295,19.0
139,157,296,19.0
140,157,297,21.0
141,157,298,23.0
142,157,299,23.0
143,157,300,25.0
144,157,301,27.0
145,157,302,27.0
146,157,303,30.0
147,157,304,30.0
148,157,305,31.0
149,157,306,35.0
150,157,307,35.0
151,157,308,38.0
152,157,309,41.0
153,157,310,41.0
154,157,311,44.0
155,157,312,47.0
156,157,313,47.0
157,157,314,51.0
158,157,315,51.0
159,157,316,54.0
160,157,317,58.0
161,157,318,58.0
162,157,319,62.0
163,157,320,65.0
164,157,321,65.0
165,157,322,67.0
166,157,323,73.0
167,157,324,73.0
168,157,325,77.0
169,157,326,77.0
170,157,327,80.0
130,158,288,13.0
131,158,289,13.0
132,158,290,14.0
133,158,291,15.0
134,158,292,15.0
135,158,293,17.0
136,158,294,17.0
137,158,295,19.0
138,158,296,21.0
139,158,297,21.0
140,158,298,23.0
141,158,299,25.0
142,158,300,25.0
143,158,301,27.0
144,158,302,30.0
145,158,303,30.0
146,158,304,31.0
147,158,305,35.0
148,158,306,35.0
149,158,307,38.0
150,158,308,38.0
151,158,309,41.0
152,158,310,44.0
153,158,311,44.0
154,158,312,47.0
155,158,313,51.0
156,158,314,51.0
157,158,315,54.0
158,158,316,58.0
159,158,317,58.0
160,158,318,62.0
161,158,319,62.0
162,158,320,65.0
163,158,321,67.0
164,158,322,67.0
165,158,323,73.0
166,158,324,77.0
167,158,325,77.0
168,158,326,80.0
169,158,327,82.0
170,158,328,82.0
130,159,289,14.0
131,159,290,14.0
132,159,291,15.0
133,159,292,17.0
134,159,293,17.0
135,159,294,19.0
136,159,295,21.0
137,159,296,21.0
138,159,297,23.0
139,159,298,23.0
140,159,299,25.0
141,159,300,27.0
142,159,301,27.0
143,159,302,30.0
144,159,303,31.0
145,159,304,31.0
146,159,305,35.0
147,159,306,38.0
148,159,307,38.0
149,159,308,41.0
150,159,309,41.0
151,159,310,44.0
152,159,311,47.0
153,159,312,47.0
154,159,313,51.0
155,159,314,54.0
156,159,315,54.0
157,159,316,58.0
158,159,317,62.0
159,159,318,62.0
160,159,319,65.0
161,159,320,67.0
162,159,321,67.0
163,159,322,73.0
164,159,323,73.0
165,159,324,77.0
166,159,325,80.0
167,159,326,80.0
168,159,327,82.0
169,159,328,85.0
170,159,329,85.0
130,160,290,15.0
131,160,291,15.0
132,160,292,17.0
133,160,293,19.0
134,160,294,19.0
135,160,295,21.0
136,160,296,23.0
137,160,297,23.0
138,160,298,25.0
139,160,299,27.0
140,160,300,27.0
141,160,301,30.0
142,160,302,30.0
143,160,303,31.0
144,160,304,35.0
145,160,305,35.0
146,160,306,38.0
147,160,307,41.0
148,160,308,41.0
149,160,309,44.0
150,160,310,47.0
151,160,311,47.0
152,160,312,51.0
153,160,313,51.0
154,160,314,54.0
155,160,315,58.0
156,160,316,58.0
157,160,317,62.0
158,160,318,65.0
159,160,319,65.0
160,160,320,67.0
161,160,321,73.0
162,160,322,73.0
163,160,323,77.0
164,160,324,77.0
165,160,325,80.0
166,160,326,82.0
167,160,327,82.0
168,160,328,85.0
169,160,329,88.0
170,160,330,88.0
130,161,291,17.0
131,161,292,17.0
132,161,293,19.0
133,161,294,21.0
134,161,295,21.0
135,161,296,23.0
136,161,297,25.0
137,161,298,25.0
138,161,299,27.0
139,161,300,30.0
140,161,301,30.0
141,161,302,31.0
142,161,303,35.0
143,161,304,35.0
144,161,305,38.0
145,161,306,38.0
146,161,307,41.0
147,161,308,44.0
148,161,309,44.0
149,161,310,47.0
150,161,311,51.0
151,161,312,51.0
152,161,313,54.0
153,161,314,58.0
154,161,315,58.0
155,161,316,62.0
156,161,317,62.0
157,161,318,65.0
158,161,319,67.0
159,161,320,67.0
160,161,321,73.0
161,161,322,77.0
162,161,323,77.0
163,161,324,80.0
164,161,325,82.0
165,161,326,82.0
166,161,327,85.0
167,161,328,85.0
168,161,329,88.0
169,161,330,91.0
170,161,331,91.0
130,162,292,19.0
131,162,293,21.0
132,162,294,21.0
133,162,295,23.0
134,162,296,23.0
135,162,297,25.0
136,162,298,27.0
137,162,299,27.0
138,162,300,30.0
139,162,301,31.0
140,162,302,31.0
141,162,303,35.0
142,162,304,38.0
143,162,305,38.0
144,162,306,41.0
145,162,307,41.0
146,162,308,44.0
147,162,309,47.0
148,162,310,47.0
149,162,311,51.0
150,162,312,54.0
151,162,313,54.0
152,162,314,58.0
153,162,315,62.0
154,162,316,62.0
155,162,317,65.0
156,162,318,65.0
157,162,319,67.0
158,162,320,73.0
159,162,321,73.0
160,162,322,77.0
161,162,323,80.0
162,162,324,80.0
163,162,325,82.0
164,162,326,85.0
165,162,327,85.0
166,162,328,88.0
167,162,329,91.0
168,162,330,91.0
169,162,331,94.0
170,162,332,94.0
130,163,293,21.0
131,163,294,23.0
132,163,295,23.0
133,163,296,25.0
134,163,297,27.0
135,163,298,27.0
136,163,299,30.0
137,163,300,30.0
138,163,301,31.0
139,163,302,35.0
140,163,303,35.0
141,163,304,38.0
142,163,305,41.0
143,163,306,41.0
144,163,307,44.0
145,163,308,47.0
146,163,309,47.0
147,163,310,51.0
148,163,311,51.0
149,163,312,54.0
150,163,313,58.0
151,163,314,58.0
152,163,315,62.0
153,163,316,65.0
154,163,317,65.0
155,163,318,67.0
156,163,319,73.0
157,163,320,73.0
158,163,321,77.0
159,163,322,77.0
160,163,323,80.0
161,163,324,82.0
162,163,325,82.0
163,163,326,85.0
164,163,327,88.0
165,163,328,88.0
166,163,329,91.0
167,163,330,94.0
168,163,331,94.0
169,163,332,96.0
170,163,333,96.0
130,164,294,23.0
131,164,295,25.0
132,164,296,25.0
133,164,297,27.0
134,164,298,30.0
135,164,299,30.0
136,164,300,31.0
137,164,301,31.0
138,164,302,35.0
139,164,303,38.0
140,164,304,38.0
141,164,305,41.0
142,164,306,44.0
143,164,307,44.0
144,164,308,47.0
145,164,309,51.0
146,164,310,51.0
147,164,311,54.0
148,164,312,58.0
149,164,313,58.0
150,164,314,62.0
151,164,315,62.0
152,164,316,65.0
153,164,317,67.0
154,164,318,67.0
155,164,319,73.0
156,164,320,77.0
157,164,321,77.0
158,164,322,80.0
159,164,323,82.0
160,164,324,82.0
161,164,325,85.0
162,164,326,85.0
163,164,327,88.0
164,164,328,91.0
165,164,329,91.0
166,164,330,94.0
167,164,331,96.0
168,164,332,96.0
169,164,333,97.0
170,164,334,98.0
130,165,295,25.0
131,165,296,27.0
132,165,297,27.0
133,165,298,30.0
134,165,299,31.0
135,165,300,31.0
136,165,301,35.0
137,165,302,38.0
138,165,303,38.0
139,165,304,41.0
140,165,305,41.0
141,165,306,44.0
142,165,307,47.0
143,165,308,47.0
144,165,309,51.0
145,165,310,54.0
146,165,311,54.0
147,165,312,58.0
148,165,313,62.0
149,165,314,62.0
150,165,315,65.0
151,165,316,65.0
152,165,317,67.0
153,165,318,73.0
154,165,319,73.0
155,165,320,77.0
156,165,321,80.0
157,165,322,80.0
158,165,323,82.0
159,165,324,85.0
160,165,325,85.0
161,165,326,88.0
162,165,327,91.0
163,165,328,91.0
164,165,329,94.0
165,165,330,94.0
166,165,331,96.0
167,165,332,97.0
168,165,333,97.0
169,165,334,98.0
170,165,335,99.0
130,166,296,27.0
131,166,297,30.0
132,166,298,30.0
133,166,299,31.0
134,166,300,35.0
135,166,301,35.0
136,166,302,38.0
137,166,303,41.0
138,166,304,41.0
139,166,305,44.0
140,166,306,47.0
141,166,307,47.0
142,166,308,51.0
143,166,309,51.0
144,166,310,54.0
145,166,311,58.0
146,166,312,58.0
147,166,313,62.0
148,166,314,65.0
149,166,315,65.0
150,166,316,67.0
151,166,317,73.0
152,166,318,73.0
153,166,319,77.0
154,166,320,77.0
155,166,321,80.0
156,166,322,82.0
157,166,323,82.0
158,166,324,85.0
159,166,325,88.0
160,166,326,88.0
161,166,327,91.0
162,166,328,94.0
163,166,329,94.0
164,166,330,96.0
165,166,331,96.0
166,166,332,97.0
167,166,333,98.0
168,166,334,98.0
169,166,335,99.0
170,166,336,99.0
130,167,297,30.0
131,167,298,31.0
132,167,299,31.0
133,167,300,35.0
134,167,301,38.0
135,167,302,38.0
136,167,303,41.0
137,167,304,44.0
138,167,305,44.0
139,167,306,47.0
140,167,307,51.0
141,167,308,51.0
142,167,309,54.0
143,167,310,58.0
144,167,311,58.0
145,167,312,62.0
146,167,313,62.0
147,167,314,65.0
148,167,315,67.0
149,167,316,67.0
150,167,317,73.0
151,167,318,77.0
152,167,319,77.0
153,167,320,80.0
154,167,321,82.0
155,167,322,82.0
156,167,323,85.0
157,167,324,85.0
158,167,325,88.0
159,167,326,91.0
160,167,327,91.0
161,167,328,94.0
162,167,329,96.0
163,167,330,96.0
164,167,331,97.0
165,167,332,98.0
166,167,333,98.0
167,167,334,99.0
168,167,335,99.0
169,167,336,99.0
170,167,337,99.0
130,168,298,31.0
131,168,299,35.0
132,168,300,38.0
133,168,301,38.0
134,168,302,41.0
135,168,303,41.0
136,168,304,44.0
137,168,305,47.0
138,168,306,47.0
139,168,307,51.0
140,168,308,54.0
141,168,309,54.0
142,168,310,58.0
143,168,311,62.0
144,168,312,62.0
145,168,313,65.0
146,168,314,65.0
147,168,315,67.0
148,168,316,73.0
149,168,317,73.0
150,168,318,77.0
151,168,319,80.0
152,168,320,80.0
153,168,321,82.0
154,168,322,85.0
155,168,323,85.0
156,168,324,88.0
157,168,325,91.0
158,168,326,91.0
159,168,327,94.0
160,168,328,94.0
161,168,329,96.0
162,168,330,97.0
163,168,331,97.0
164,168,332,98.0
165,168,333,99.0
166,168,334,99.0
167,168,335,99.0
168,168,336,99.0
169,168,337,99.0
170,168,338,99.0
130,169,299,35.0
131,169,300,38.0
132,169,301,41.0
133,169,302,41.0
134,169,303,44.0
135,169,304,47.0
136,169,305,47.0
137,169,306,51.0
138,169,307,51.0
139,169,308,54.0
140,169,309,58.0
141,169,310,58.0
142,169,311,62.0
143,169,312,65.0
144,169,313,65.0
145,169,314,67.0
146,169,315,73.0
147,169,316,73.0
148,169,317,77.0
149,169,318,77.0
150,169,319,80.0
151,169,320,82.0
152,169,321,82.0
153,169,322,85.0
154,169,323,88.0
155,169,324,88.0
156,169,325,91.0
157,169,326,94.0
158,169,327,94.0
159,169,328,96.0
160,169,329,96.0
161,169,330,97.0
162,169,331,98.0
163,169,332,98.0
164,169,333,99.0
165,169,334,99.0
166,169,335,99.0
167,169,336,99.0
168,169,337,99.0
169,169,338,99.0
170,169,339,99.0
130,170,300,38.0
131,170,301,41.0
132,170,302,44.0
133,170,303,44.0
134,170,304,47.0
135,170,305,51.0
136,170,306,51.0
137,170,307,54.0
138,170,308,58.0
139,170,309,58.0
140,170,310,62.0
141,170,311,62.0
142,170,312,65.0
143,170,313,67.0
144,170,314,67.0
145,170,315,73.0
146,170,316,77.0
147,170,317,77.0
148,170,318,80.0
149,170,319,82.0
150,170,320,82.0
151,170,321,85.0
152,170,322,85.0
153,170,323,88.0
154,170,324,91.0
155,170,325,91.0
156,170,326,94.0
157,170,327,96.0
158,170,328,96.0
159,170,329,97.0
160,170,330,98.0
161,170,331,98.0
162,170,332,99.0
163,170,333,99.0
164,170,334,99.0
165,170,335,99.0
166,170,336,99.0
167,170,337,99.0
168,170,338,99.0
169,170,339,99.0
170,170,340,99.0
